mysql> SELECT * FROM bookings WHERE listing_id=10023401;
+---------+------------+------------+-----------+-------+------------+
| id      | checkin    | checkout   | numGuests | total | listing_id |
+---------+------------+------------+-----------+-------+------------+
| 4954120 | 05-1-2019  | 05-16-2019 |         6 |   254 |   10023401 |
| 6533998 | 04-27-2019 | 05-5-2019  |         2 |   627 |   10023401 |
+---------+------------+------------+-----------+-------+------------+
2 rows in set (0.00 sec)

mysql> SELECT * FROM bookings WHERE listing_id=10023410;
+----------+-----------+------------+-----------+-------+------------+
| id       | checkin   | checkout   | numGuests | total | listing_id |
+----------+-----------+------------+-----------+-------+------------+
|  4949663 | 03-5-2019 | 03-5-2019  |         2 |  1620 |   10023410 |
| 11649136 | 05-5-2019 | 05-16-2019 |         3 |   415 |   10023410 |
+----------+-----------+------------+-----------+-------+------------+
2 rows in set (0.00 sec)

mysql> SELECT * FROM bookings WHERE listing_id=10926984;
+----------+------------+------------+-----------+-------+------------+
| id       | checkin    | checkout   | numGuests | total | listing_id |
+----------+------------+------------+-----------+-------+------------+
| 10044568 | 04-11-2019 | 04-15-2019 |         1 |  2638 |   10926984 |
| 11837601 | 03-20-2019 | 03-27-2019 |         5 |  1967 |   10926984 |
+----------+------------+------------+-----------+-------+------------+
2 rows in set (0.01 sec)

mysql> SELECT id,price,stars,cleaningFee,serviceFee,guests,title,address FROM listings WHERE id=10926984;
+----------+-------+-------+-------------+------------+--------+--------------------------------+--------------+
| id       | price | stars | cleaningFee | serviceFee | guests | title                          | address      |
+----------+-------+-------+-------------+------------+--------+--------------------------------+--------------+
| 10926984 |   232 |  3.06 |          59 |         60 |      6 | Maxine's Open-architected Home | West Karelle |
+----------+-------+-------+-------------+------------+--------+--------------------------------+--------------+
1 row in set (0.01 sec)
